intent,text,domain,spans,logical_form,split
alarm,wake me up at noon tomorrow,clinc,,[SL: alarm],train
alarm,set my alarm for getting up,clinc,,[SL: alarm],train
alarm,make sure my alarm is set for three thirty in the morning,clinc,,[SL: alarm],train
alarm,please set an alarm for mid day,clinc,,[SL: alarm],train
alarm,have an alarm set for three in the morning,clinc,,[SL: alarm],train
alarm,you need to set alarm for me,clinc,,[SL: alarm],train
alarm,i need you to set alarm for me,clinc,,[SL: alarm],train
alarm,set the alarm for me,clinc,,[SL: alarm],train
alarm,can you set alarm for me,clinc,,[SL: alarm],train
alarm,please set alarm for me,clinc,,[SL: alarm],train
balance,savings account balance at chase bank please,clinc,,[SL: balance],train
balance,check chase bank for my checking balance,clinc,,[SL: balance],train
balance,what is my checking account balance at chase,clinc,,[SL: balance],train
balance,i want my checking balance at chase,clinc,,[SL: balance],train
balance,what's my savings balance at chase,clinc,,[SL: balance],train
balance,do i have enough money in my chime bank account to take ashley to the movies tuesday,clinc,,[SL: balance],train
balance,check my visa account and see if i have enough money for dinner tonight,clinc,,[SL: balance],train
balance,is tehre enough in my bluebird account for groceries this week,clinc,,[SL: balance],train
balance,do i have enough in my sears account to buy a new dishwasher,clinc,,[SL: balance],train
balance,is there enough money in my discover account for a new pair of jeans,clinc,,[SL: balance],train
bill_balance,the bill for water and electricity is how much,clinc,,[SL: bill_balance],train
bill_balance,what's my bill for water and electricity,clinc,,[SL: bill_balance],train
bill_balance,"for my water and electricity, how much is the bill",clinc,,[SL: bill_balance],train
bill_balance,how much is the bill for my water and electricity,clinc,,[SL: bill_balance],train
bill_balance,my water and electricity bill is how much,clinc,,[SL: bill_balance],train
bill_balance,what is the total amount that i owe to sony and verizon,clinc,,[SL: bill_balance],train
bill_balance,please tell me how much i owe sprint and how much i owe hsn,clinc,,[SL: bill_balance],train
bill_balance,tell me how much my verizon and comcast bill come to together,clinc,,[SL: bill_balance],train
bill_balance,how much in total do i need to pay cox and at&t,clinc,,[SL: bill_balance],train
bill_balance,please let me know how much my bills for comcast and sprint total,clinc,,[SL: bill_balance],train
book_flight,what's the cheapest fares from lax to sfo for round trip flights leaving april 1st and returning april 7th,clinc,,[SL: book_flight],train
book_flight,"for the dates april 1st to the 7th, find me round trip air tickets from la to sfo",clinc,,[SL: book_flight],train
book_flight,what southwest flights are there for lax to sfo arriving april 1st and returning april 7th,clinc,,[SL: book_flight],train
book_flight,what airlines have flights round trip on april 1st to april 7th from lax to sfo,clinc,,[SL: book_flight],train
book_flight,find me round trip flights out of lax to sfox,clinc,,[SL: book_flight],train
book_flight,find me a flight from tijuana to guadalajara on volaris,clinc,,[SL: book_flight],train
book_flight,i need a flight to be booked from san diego to boston through frontier,clinc,,[SL: book_flight],train
book_flight,i want a flight booked from new york to san francisco with continental,clinc,,[SL: book_flight],train
book_flight,get me a flight booked from houston to phoenix with american airlines,clinc,,[SL: book_flight],train
book_flight,i want to fly southwest from dallas to phoenix,clinc,,[SL: book_flight],train
book_hotel,i need a bed in brownsburg near walmart from apil 4th until the 5th,clinc,,[SL: book_hotel],train
book_hotel,i need a room in indianapolis near the track from may 2nd through the 5th,clinc,,[SL: book_hotel],train
book_hotel,i need lodging in lizton near the ice cream parlor from may 3rd until the 8th,clinc,,[SL: book_hotel],train
book_hotel,need a place to crash in elizabeth near the refinery from june 4th until the 9th,clinc,,[SL: book_hotel],train
book_hotel,i need a place to stay in newark near a bodega from may 2nd through the 4th,clinc,,[SL: book_hotel],train
book_hotel,i want to book a hotel room for 10 people from monday to tuesday in manhattan,clinc,,[SL: book_hotel],train
book_hotel,is there a room big enough for 10 people from monday to tuesday in manhattan,clinc,,[SL: book_hotel],train
book_hotel,is it possible to book 10 people from monday to tuesday in manhattan,clinc,,[SL: book_hotel],train
book_hotel,i would like to reserve a hotel room that accomodates 10 people from monday to tuesday in manhattan,clinc,,[SL: book_hotel],train
book_hotel,i'm inquiring about the availability of a room that fits 10 people from monday to tuesday in manhattan,clinc,,[SL: book_hotel],train
calendar_update,add my dentist appointment to the calendar,clinc,,[SL: calendar_update],train
calendar_update,add a vet appointment for 5 pm on saturday,clinc,,[SL: calendar_update],train
calendar_update,i need to edit this event out of my calendar,clinc,,[SL: calendar_update],train
calendar_update,please remove an event from this calendar,clinc,,[SL: calendar_update],train
calendar_update,i no longer want this event in my calendar,clinc,,[SL: calendar_update],train
calendar_update,delete that event from calendar,clinc,,[SL: calendar_update],train
calendar_update,make sure to add to my calendar the staff meeting for march 1 at 10 am,clinc,,[SL: calendar_update],train
calendar_update,add staff meeting to my calendar for march 1 at 10:00 in the morning,clinc,,[SL: calendar_update],train
calendar_update,i want you to add staff meeting to my calendar for march 1 at 10:00 am,clinc,,[SL: calendar_update],train
calendar_update,"please add to my calendar for the staff meeting that is scheduled on march 1, 2019 at 10 am",clinc,,[SL: calendar_update],train
cancel_reservation,remove my reservation at outback for timmy,clinc,,[SL: cancel_reservation],train
cancel_reservation,can you cancel the reservation for kyle's party at red lobster,clinc,,[SL: cancel_reservation],train
cancel_reservation,cancel my party reservation for brad at longhorn,clinc,,[SL: cancel_reservation],train
cancel_reservation,get rid of my reservation at chez francois for jennifer,clinc,,[SL: cancel_reservation],train
cancel_reservation,cancel the reservation at olive garden for tommy,clinc,,[SL: cancel_reservation],train
cancel_reservation,you can cancel my reservation,clinc,,[SL: cancel_reservation],train
cancel_reservation,my reservation is no longer needed,clinc,,[SL: cancel_reservation],train
cancel_reservation,tell the restaurant i cannot make it,clinc,,[SL: cancel_reservation],train
cancel_reservation,there is no need to confirm my reservation,clinc,,[SL: cancel_reservation],train
cancel_reservation,would you please cancel the reservations for dinner,clinc,,[SL: cancel_reservation],train
car_rental,i want to reserve a convertible from july 2nd through july 18th for los angeles,clinc,,[SL: car_rental],train
car_rental,i'd like to rent a vehicle from nov 1st to nov 15th in san antonio and i need a 15 passenger van,clinc,,[SL: car_rental],train
car_rental,"i want to rent the cheapest car for charlottesville, virginia for march 7th through 10th, that's monday, tuesday, wednesday and thursday",clinc,,[SL: car_rental],train
car_rental,i'd like to reserve a high-end car that seats 5 comfortably for april 12th through 18th for st louis missouri,clinc,,[SL: car_rental],train
car_rental,"i need a van that seats 8 or more for new york city, august 12th, 13th, and 14th",clinc,,[SL: car_rental],train
car_rental,a rental car needs to be booked in nashville,clinc,,[SL: car_rental],train
car_rental,book me a car rental in nashville,clinc,,[SL: car_rental],train
car_rental,please help me book a rental car for nashville,clinc,,[SL: car_rental],train
car_rental,i need you to get me a rental car in nashville,clinc,,[SL: car_rental],train
car_rental,"in nashville, i need a rental car booked",clinc,,[SL: car_rental],train
confirm_reservation,verify that i have reservations at chilis for john doe,clinc,,[SL: confirm_reservation],train
confirm_reservation,can you check my reservations for mortons under david winters,clinc,,[SL: confirm_reservation],train
confirm_reservation,can you check for reservations at wongs chinese for john acer,clinc,,[SL: confirm_reservation],train
confirm_reservation,check and confirm reservations at ruth chris for carol lee,clinc,,[SL: confirm_reservation],train
confirm_reservation,verify that my reservations at won wons for joe lee are good,clinc,,[SL: confirm_reservation],train
confirm_reservation,check on my reservation for umami at 6pm,clinc,,[SL: confirm_reservation],train
confirm_reservation,"confirm a reservation for nicole brown at diangelo's at 6:45 pm, please",clinc,,[SL: confirm_reservation],train
confirm_reservation,i need you to confirm that there is a reservation under the name david kramer for 7:00 pm at pietro's,clinc,,[SL: confirm_reservation],train
confirm_reservation,"i would like to confirm my 7:30 pm reservation at morton's steakhouse, under michael james",clinc,,[SL: confirm_reservation],train
confirm_reservation,can you please confirm that i have a 6:00 pm table reserved under michelle solomon at devon's,clinc,,[SL: confirm_reservation],train
cook_time,how long will the turkey take to cook,clinc,,[SL: cook_time],train
cook_time,so how long do you think the chicken will take,clinc,,[SL: cook_time],train
cook_time,how long does pizza take to cook,clinc,,[SL: cook_time],train
cook_time,how long is the chicken gonna take,clinc,,[SL: cook_time],train
cook_time,how long will the chicken take to cook,clinc,,[SL: cook_time],train
cook_time,how long does it take to cook roast beef,clinc,,[SL: cook_time],train
cook_time,how long does it take to boil an egg,clinc,,[SL: cook_time],train
cook_time,how long does it take to bake a pork loin,clinc,,[SL: cook_time],train
cook_time,how long does it take to make roast chicken,clinc,,[SL: cook_time],train
cook_time,how long does it take to cook a pork chop,clinc,,[SL: cook_time],train
exchange_rate,how many pesos can i get for one dollar,clinc,,[SL: exchange_rate],train
exchange_rate,what is the current going rate for exchanging dollars for pesos,clinc,,[SL: exchange_rate],train
exchange_rate,tell me the exchange rate between dollars and pesos,clinc,,[SL: exchange_rate],train
exchange_rate,let me know what the exchange rate between dollars and pesos is,clinc,,[SL: exchange_rate],train
exchange_rate,what's the exchange rate between dollars and pesos,clinc,,[SL: exchange_rate],train
exchange_rate,whats dollars won in 15,clinc,,[SL: exchange_rate],train
exchange_rate,what's dollars yen in 10,clinc,,[SL: exchange_rate],train
exchange_rate,whats pesos australian dollars in 20,clinc,,[SL: exchange_rate],train
exchange_rate,whats rupees dollars in 30,clinc,,[SL: exchange_rate],train
exchange_rate,whats euros kroner in 25,clinc,,[SL: exchange_rate],train
food_last,jello should stay in the fridge for how long,clinc,,[SL: food_last],train
food_last,when will my milk be no good,clinc,,[SL: food_last],train
food_last,when will my eggs go bad,clinc,,[SL: food_last],train
food_last,how long will my eggs be good for,clinc,,[SL: food_last],train
food_last,what date does my apple juice expire,clinc,,[SL: food_last],train
food_last,how long until my cereal is ruined,clinc,,[SL: food_last],train
food_last,what's the max time i can leave a green pepper in the fridge,clinc,,[SL: food_last],train
food_last,what's the time frame for hamburger stored in the freezer to go bad,clinc,,[SL: food_last],train
food_last,how long can i keep deer meat in the freezer before it's unedible,clinc,,[SL: food_last],train
food_last,has the leftover hamburger from last saturday gone bad,clinc,,[SL: food_last],train
freeze_account,can you block my chase account right away please,clinc,,[SL: freeze_account],train
freeze_account,i want my chase account blocked immediately,clinc,,[SL: freeze_account],train
freeze_account,i need you to block my chase account immediately,clinc,,[SL: freeze_account],train
freeze_account,can you put a block on my chase account right away,clinc,,[SL: freeze_account],train
freeze_account,please block my chase account right away,clinc,,[SL: freeze_account],train
freeze_account,what do i do to freeze my account,clinc,,[SL: freeze_account],train
freeze_account,place a hold on my bank account,clinc,,[SL: freeze_account],train
freeze_account,how can i stop transactions on my account,clinc,,[SL: freeze_account],train
freeze_account,freeze my account immediately,clinc,,[SL: freeze_account],train
freeze_account,block my monkey market right now,clinc,,[SL: freeze_account],train
ingredients_list,what do you put in chicken noodle casserole,clinc,,[SL: ingredients_list],train
ingredients_list,what goes into chicken noodle casserole,clinc,,[SL: ingredients_list],train
ingredients_list,what do i need to make chicken noodle casserole,clinc,,[SL: ingredients_list],train
ingredients_list,how do you make chicken noodle casserole,clinc,,[SL: ingredients_list],train
ingredients_list,chicken noodle casserole is made from what,clinc,,[SL: ingredients_list],train
ingredients_list,tell me what ingredients i will need to make this meal,clinc,,[SL: ingredients_list],train
ingredients_list,what are the ingredients of spaghetti,clinc,,[SL: ingredients_list],train
ingredients_list,what ingredients are present in marshmallows,clinc,,[SL: ingredients_list],train
ingredients_list,tell me the ingredients in pizza,clinc,,[SL: ingredients_list],train
ingredients_list,what ingredients are found in hunan chicken,clinc,,[SL: ingredients_list],train
interest_rate,i want to know my interest rate,clinc,,[SL: interest_rate],train
interest_rate,tell me my interest rate,clinc,,[SL: interest_rate],train
interest_rate,what interest rate am i paying,clinc,,[SL: interest_rate],train
interest_rate,my interest rate please,clinc,,[SL: interest_rate],train
interest_rate,how do i know the interest rate for my signature account,clinc,,[SL: interest_rate],train
interest_rate,how can i figure out my interest rate for my umpqua account,clinc,,[SL: interest_rate],train
interest_rate,how can i find my interest rate for my alliance account,clinc,,[SL: interest_rate],train
interest_rate,how can i figure out the interest rate for my columbia account,clinc,,[SL: interest_rate],train
interest_rate,how can i find the interest rate for my red river account,clinc,,[SL: interest_rate],train
interest_rate,what is the rate of interest on my savings account,clinc,,[SL: interest_rate],train
international_visa,"to visit cambodia, do i need an international visa",clinc,,[SL: international_visa],train
international_visa,do i need to get a visa to visit canada,clinc,,[SL: international_visa],train
international_visa,will i need a visa to visit ireland,clinc,,[SL: international_visa],train
international_visa,will i need a travel visa to go to canary islands,clinc,,[SL: international_visa],train
international_visa,i want to visit portugal do i need a travel visa,clinc,,[SL: international_visa],train
international_visa,i want to see paris will i need an international visa,clinc,,[SL: international_visa],train
international_visa,"for travel to argentina, do i need to get a travel visa",clinc,,[SL: international_visa],train
international_visa,will i have to apply for a visa if i want to visit mexico,clinc,,[SL: international_visa],train
international_visa,to vacation to tel aviv do i need a travel visa,clinc,,[SL: international_visa],train
international_visa,do i need to obtain a travel visa to go on vacation to places in eastern europe,clinc,,[SL: international_visa],train
make_call,place a phone call to yiming,clinc,,[SL: make_call],train
make_call,phone lobby,clinc,,[SL: make_call],train
make_call,can you call dominos pizza,clinc,,[SL: make_call],train
make_call,can you redial the last number dialed,clinc,,[SL: make_call],train
make_call,call 911,clinc,,[SL: make_call],train
make_call,can you call a taxi,clinc,,[SL: make_call],train
make_call,can you call mom,clinc,,[SL: make_call],train
make_call,call work,clinc,,[SL: make_call],train
make_call,call justin,clinc,,[SL: make_call],train
make_call,call home,clinc,,[SL: make_call],train
meal_suggestion,can you give me a french dinner suggestion,clinc,,[SL: meal_suggestion],train
meal_suggestion,"suggest a meal from laos to me, please",clinc,,[SL: meal_suggestion],train
meal_suggestion,can you give me a vietnamese meal suggestion,clinc,,[SL: meal_suggestion],train
meal_suggestion,suggest a meal from burma to me,clinc,,[SL: meal_suggestion],train
meal_suggestion,can you give me a vietnamese dinner suggestion,clinc,,[SL: meal_suggestion],train
meal_suggestion,"suggest a meal from thailand to me, please",clinc,,[SL: meal_suggestion],train
meal_suggestion,"can you give me a thai meal suggestion, please",clinc,,[SL: meal_suggestion],train
meal_suggestion,"can you give me a vietnamese meal suggestion, please",clinc,,[SL: meal_suggestion],train
meal_suggestion,"can you give me a burmese meal suggestion, please",clinc,,[SL: meal_suggestion],train
meal_suggestion,"suggest a meal from burma to me, please",clinc,,[SL: meal_suggestion],train
min_payment,what's the minimum i owe on the car payment,clinc,,[SL: min_payment],train
min_payment,what's the least amount i need to pay on the electric bill,clinc,,[SL: min_payment],train
min_payment,what's the smallest amount i can pay on the water bill,clinc,,[SL: min_payment],train
min_payment,what's the minimum amount for my electric bill,clinc,,[SL: min_payment],train
min_payment,what's the least i can pay on the medical payments for february,clinc,,[SL: min_payment],train
min_payment,how much can i get away with paying for my college loan,clinc,,[SL: min_payment],train
min_payment,what's the minimum required payment on my visa card,clinc,,[SL: min_payment],train
min_payment,i want to know my bill's minimum payment,clinc,,[SL: min_payment],train
min_payment,what is my bill's minimum payment,clinc,,[SL: min_payment],train
min_payment,minimum payment of my bill please,clinc,,[SL: min_payment],train
pay_bill,"i want to pay my bill, please",clinc,,[SL: pay_bill],train
pay_bill,pay my water bill with my charles schwab account,clinc,,[SL: pay_bill],train
pay_bill,i'd like to pay my bill,clinc,,[SL: pay_bill],train
pay_bill,pay my internet bill with my discover account,clinc,,[SL: pay_bill],train
pay_bill,can you help me pay a bill,clinc,,[SL: pay_bill],train
pay_bill,i need to pay my bill,clinc,,[SL: pay_bill],train
pay_bill,can i pay a bill,clinc,,[SL: pay_bill],train
pay_bill,use my capital one account to pay for my gas bill,clinc,,[SL: pay_bill],train
pay_bill,pay my electric bill from my amex account,clinc,,[SL: pay_bill],train
pay_bill,i want to pay my house bill,clinc,,[SL: pay_bill],train
pin_change,how do i change my pin for number for my abc bank account,clinc,,[SL: pin_change],train
pin_change,what do i need to do to change my abc bank account pin number,clinc,,[SL: pin_change],train
pin_change,i have no idea what the pin is for my checking account,clinc,,[SL: pin_change],train
pin_change,i cannot recall the pin for my savings account,clinc,,[SL: pin_change],train
pin_change,i forgot the pin number for my college fund account,clinc,,[SL: pin_change],train
pin_change,set up a new pin number on my college fund account and make it be 1234,clinc,,[SL: pin_change],train
pin_change,i want 1234 to be the new pin number for my joint account,clinc,,[SL: pin_change],train
pin_change,please change my checking account pin to 1234,clinc,,[SL: pin_change],train
pin_change,i need to set up a new pin number for my college fund account,clinc,,[SL: pin_change],train
pin_change,i want my savings account pin to be 1234 from now on,clinc,,[SL: pin_change],train
play_music,can i get some music by three six mafia in here,clinc,,[SL: play_music],train
play_music,what does x’s music sound like,clinc,,[SL: play_music],train
play_music,may i hear some music by fleet foxes,clinc,,[SL: play_music],train
play_music,can i hear some music by cloud control,clinc,,[SL: play_music],train
play_music,can x’s music be played,clinc,,[SL: play_music],train
play_music,play some music for me,clinc,,[SL: play_music],train
play_music,i'd like to hear my workout playlist,clinc,,[SL: play_music],train
play_music,put on my jam session playlist please,clinc,,[SL: play_music],train
play_music,can i hear my smooth jazz playlist,clinc,,[SL: play_music],train
play_music,play a song for me,clinc,,[SL: play_music],train
plug_type,do i need a socket converter if i'm going to mexico,clinc,,[SL: plug_type],train
plug_type,does england have a different plug type and if so what is it,clinc,,[SL: plug_type],train
plug_type,is there a conversion plug if you travel to australia,clinc,,[SL: plug_type],train
plug_type,what kind of plug type do they use in russia,clinc,,[SL: plug_type],train
plug_type,what type of plug do i need to bring if i visit japan,clinc,,[SL: plug_type],train
plug_type,what type of plug do they use in mexico,clinc,,[SL: plug_type],train
plug_type,"when you go to germany, do you need a special converter for your plugs",clinc,,[SL: plug_type],train
plug_type,do visitors to japan need to use a socket converter,clinc,,[SL: plug_type],train
plug_type,do you need a special outlet converter in sweden,clinc,,[SL: plug_type],train
plug_type,do i need a power adapter in mexico,clinc,,[SL: plug_type],train
recipe,whats the best way to roast a chicken,clinc,,[SL: recipe],train
recipe,how do i make pie crust,clinc,,[SL: recipe],train
recipe,find a recipe for german chocolate cake,clinc,,[SL: recipe],train
recipe,how do i fry pork chops,clinc,,[SL: recipe],train
recipe,how do i cook boiled eggs,clinc,,[SL: recipe],train
recipe,"find a chow mein recipe for me, please",clinc,,[SL: recipe],train
recipe,do you know how to make chow mein,clinc,,[SL: recipe],train
recipe,can you find a recipe on how to make chow mein,clinc,,[SL: recipe],train
recipe,tell me how to make chow mein,clinc,,[SL: recipe],train
recipe,i would like you to help me find a chow mein recipe,clinc,,[SL: recipe],train
restaurant_reservation,"you need to call the melt in lakewood for a table for at 2:00, monday, the first week in march",clinc,,[SL: restaurant_reservation],train
restaurant_reservation,"hey computer, make a reservation for 2 for my parents at red lobster on wednseday next, 2:00pm if possible",clinc,,[SL: restaurant_reservation],train
restaurant_reservation,"i think we should reserve dad's regular table friday for 6 people, use his name, make that close to 4:00 pm at the club",clinc,,[SL: restaurant_reservation],train
restaurant_reservation,"listen i need to get a reservation for , me and teresa at georgetown cafe on tuesday at 7:00 pm",clinc,,[SL: restaurant_reservation],train
restaurant_reservation,can you make me a reservation for 4 pm on the 22nd at ruth's,clinc,,[SL: restaurant_reservation],train
restaurant_reservation,i need a reservation at 8 on the 22nd of november at ruth's,clinc,,[SL: restaurant_reservation],train
restaurant_reservation,can i make a reservation for 6 pm on the 21st at sidetracks,clinc,,[SL: restaurant_reservation],train
restaurant_reservation,please reserve me a table at hell's kitchen on may 3rd at 8 pm,clinc,,[SL: restaurant_reservation],train
restaurant_reservation,please reserve me a table for 2 pm at maxwell's on the 14th,clinc,,[SL: restaurant_reservation],train
restaurant_reservation,can you make a reservation for me at the restaurant,clinc,,[SL: restaurant_reservation],train
restaurant_reviews,do people like the donuts at tgi,clinc,,[SL: restaurant_reviews],train
restaurant_reviews,are the donuts at tgi well reviewed,clinc,,[SL: restaurant_reviews],train
restaurant_reviews,how are the donuts reviews at tgi,clinc,,[SL: restaurant_reviews],train
restaurant_reviews,what are the comments on the donuts at tgi,clinc,,[SL: restaurant_reviews],train
restaurant_reviews,are people recommending the donuts at tgi,clinc,,[SL: restaurant_reviews],train
restaurant_reviews,does outback steakhouse have good reviews,clinc,,[SL: restaurant_reviews],train
restaurant_reviews,does pizza hut have good reviews,clinc,,[SL: restaurant_reviews],train
restaurant_reviews,does have good reviews have great reviews,clinc,,[SL: restaurant_reviews],train
restaurant_reviews,does red robin have good reviews,clinc,,[SL: restaurant_reviews],train
restaurant_reviews,so does outback steakhouse have good reviews,clinc,,[SL: restaurant_reviews],train
restaurant_suggestion,can you suggest a restaurant for me to eat tonight,clinc,,[SL: restaurant_suggestion],train
restaurant_suggestion,tell me where to go since i want to eat out tonight,clinc,,[SL: restaurant_suggestion],train
restaurant_suggestion,"i'm craving for italian food, where should i go",clinc,,[SL: restaurant_suggestion],train
restaurant_suggestion,"suggest a restaurant for me to eat tonight, please",clinc,,[SL: restaurant_suggestion],train
restaurant_suggestion,"i'm not going to cook today, can you suggest a restaurant",clinc,,[SL: restaurant_suggestion],train
restaurant_suggestion,what restaurants are pet friendly near here,clinc,,[SL: restaurant_suggestion],train
restaurant_suggestion,what are the best restaurants,clinc,,[SL: restaurant_suggestion],train
restaurant_suggestion,what decent restaurants around here are italian,clinc,,[SL: restaurant_suggestion],train
restaurant_suggestion,do you know any good restaurants good for kids,clinc,,[SL: restaurant_suggestion],train
restaurant_suggestion,any good pizza restaurants around here,clinc,,[SL: restaurant_suggestion],train
share_location,tell lydia and laura where i am located,clinc,,[SL: share_location],train
share_location,share my location with brad and terry,clinc,,[SL: share_location],train
share_location,tell john and sam where i am,clinc,,[SL: share_location],train
share_location,share my location with darren and stacey,clinc,,[SL: share_location],train
share_location,let cora and nancy know were i am now,clinc,,[SL: share_location],train
share_location,share my gps coordinates with my dad,clinc,,[SL: share_location],train
share_location,share my gps coordinates with kelly,clinc,,[SL: share_location],train
share_location,share my gps coordinates with my brother,clinc,,[SL: share_location],train
share_location,share my gps coordinates with my mother,clinc,,[SL: share_location],train
share_location,share my gps coordinates with jim,clinc,,[SL: share_location],train
shopping_list_update,delete fries from shopping list,clinc,,[SL: shopping_list_update],train
shopping_list_update,take off fries from the shopping list,clinc,,[SL: shopping_list_update],train
shopping_list_update,please take away the fries from the shopping list,clinc,,[SL: shopping_list_update],train
shopping_list_update,remove fries from my shopping list,clinc,,[SL: shopping_list_update],train
shopping_list_update,we no longer need fries on the shopping lisr,clinc,,[SL: shopping_list_update],train
shopping_list_update,"cross out bananas from my shopping list and put papayas on it, please",clinc,,[SL: shopping_list_update],train
shopping_list_update,i need to delete tomatoes from my shopping list and add onions instead,clinc,,[SL: shopping_list_update],train
shopping_list_update,can you add carrots to my shopping list and delete potatoes,clinc,,[SL: shopping_list_update],train
shopping_list_update,please remove ginger ale from my shopping list and add root beer,clinc,,[SL: shopping_list_update],train
shopping_list_update,"go ahead and erase cashews from my list, and add walnuts to it, please",clinc,,[SL: shopping_list_update],train
spending_history,how much did i spend at restaurants last week,clinc,,[SL: spending_history],train
spending_history,how much have i spent lately on eating out,clinc,,[SL: spending_history],train
spending_history,what did i spend at the grocery store yesterday,clinc,,[SL: spending_history],train
spending_history,how much money did i spend at starbucks in the last week,clinc,,[SL: spending_history],train
spending_history,what was the total i spent at home depot last month,clinc,,[SL: spending_history],train
spending_history,where did all my money go this month,clinc,,[SL: spending_history],train
spending_history,what have my expenditures been at macys,clinc,,[SL: spending_history],train
spending_history,how much did i spend this week,clinc,,[SL: spending_history],train
spending_history,how much did i spend on christmas gifts in december,clinc,,[SL: spending_history],train
spending_history,how much money did i spend yesterday,clinc,,[SL: spending_history],train
text,can you text elizabeth and tell them i forgot to bring drinks,clinc,,[SL: text],train
text,text wenona and tell her we will be there tomorrow,clinc,,[SL: text],train
text,text christopher and tell him i will stop by,clinc,,[SL: text],train
text,text audrey and tell her i will be there soon,clinc,,[SL: text],train
text,text christy and ask her what she wants for dinner,clinc,,[SL: text],train
text,can you text christopher and tell them im on my way,clinc,,[SL: text],train
text,text roderick and tell him im running late,clinc,,[SL: text],train
text,can you text marissa and tell them to stop calling me,clinc,,[SL: text],train
text,can you text arthur and tell them im almost there,clinc,,[SL: text],train
text,can you text kayla and tell them im running late,clinc,,[SL: text],train
time,"what time is it in punta gorda, florida",clinc,,[SL: time],train
time,"what time is it in glenwood springs, co",clinc,,[SL: time],train
time,"what time is it in fredericksburg, tx",clinc,,[SL: time],train
time,"what time is it in las vegas, nv",clinc,,[SL: time],train
time,"what time is it in houston, tx",clinc,,[SL: time],train
time,i need to know the current time in the central timezone,clinc,,[SL: time],train
time,would you tell me the current time in the eastern timezone,clinc,,[SL: time],train
time,let me know the current time in the central timezone,clinc,,[SL: time],train
time,tell me what time it is in the central timezone,clinc,,[SL: time],train
time,i am needing to know the current time in the eastern timezone,clinc,,[SL: time],train
timezone,timezone of cuba,clinc,,[SL: timezone],train
timezone,what is the time zone of france,clinc,,[SL: timezone],train
timezone,french time zone,clinc,,[SL: timezone],train
timezone,which timezone is colombia,clinc,,[SL: timezone],train
timezone,time zone in france,clinc,,[SL: timezone],train
timezone,do you know what timezone italy is in,clinc,,[SL: timezone],train
timezone,italy's timezone is what,clinc,,[SL: timezone],train
timezone,the timezone of italy is what,clinc,,[SL: timezone],train
timezone,italy is in what timezone,clinc,,[SL: timezone],train
timezone,for italy what timezone is it in,clinc,,[SL: timezone],train
transactions,before i make my mastercard payment can you tell me what i've recently charged on it,clinc,,[SL: transactions],train
transactions,please tell me all of my recent transactions,clinc,,[SL: transactions],train
transactions,i want to pay my amazon credit card but i need to know the last few transactions,clinc,,[SL: transactions],train
transactions,before i pay my walmart credit card did i make any purchases using it recently,clinc,,[SL: transactions],train
transactions,i need to know all the recent transactions i've made,clinc,,[SL: transactions],train
transactions,please tell me all the transactions i've made recently,clinc,,[SL: transactions],train
transactions,what are the last ten transactions i've made,clinc,,[SL: transactions],train
transactions,"before i pay my capital one, what are the most recent transactions i've made",clinc,,[SL: transactions],train
transactions,tell me the most recent charges on my chase credit card before i pay the bill,clinc,,[SL: transactions],train
transactions,read off to me the last five transactions i've made,clinc,,[SL: transactions],train
transfer,i need $20000 transferred from my savings to my checking,clinc,,[SL: transfer],train
transfer,complete a transaction from savings to checking of $20000,clinc,,[SL: transfer],train
transfer,transfer $20000 from my savings account to checking account,clinc,,[SL: transfer],train
transfer,take $20000 from savings and put it in checking,clinc,,[SL: transfer],train
transfer,put $20000 into my checking account from my savings account,clinc,,[SL: transfer],train
transfer,send 100 dollars between bank of the west and bank of america acccounts,clinc,,[SL: transfer],train
transfer,send 50 dollars between bank of america and chase accounts,clinc,,[SL: transfer],train
transfer,send 2000 dollars between chase and rabobank accounts,clinc,,[SL: transfer],train
transfer,send 1200 dollars between usaa and navy federal accounts,clinc,,[SL: transfer],train
transfer,send 400 dollars between city bank and usaa accounts,clinc,,[SL: transfer],train
translate,what expression would i use to say i love you if i were an italian,clinc,,[SL: translate],train
translate,"can you tell me how to say 'i do not speak much spanish', in spanish",clinc,,[SL: translate],train
translate,"what is the equivalent of, 'life is good' in french",clinc,,[SL: translate],train
translate,"tell me how to say, 'it is a beautiful morning' in italian",clinc,,[SL: translate],train
translate,"if i were mongolian, how would i say that i am a tourist",clinc,,[SL: translate],train
translate,how do i say 'hotel' in finnish,clinc,,[SL: translate],train
translate,"i need you to translate the sentence, 'we will be there soon' into portuguese",clinc,,[SL: translate],train
translate,please tell me how to ask for a taxi in french,clinc,,[SL: translate],train
translate,"can you tell me how i would say, 'more bread please' in french",clinc,,[SL: translate],train
translate,what is the correct way to say 'i am a visitor' in french,clinc,,[SL: translate],train
travel_notification,im going to be in canada from august 10th until august 12th,clinc,,[SL: travel_notification],train
travel_notification,im going to be in slovakia from january 16th until january 19th,clinc,,[SL: travel_notification],train
travel_notification,im going to be in paraguay from january 7th until january 10th,clinc,,[SL: travel_notification],train
travel_notification,i'm going to be in thailand from october 15th until october 23rd,clinc,,[SL: travel_notification],train
travel_notification,im going to be in jamaica from october 4th until october 8th,clinc,,[SL: travel_notification],train
travel_notification,my bank needs to know i am going to be out of the country,clinc,,[SL: travel_notification],train
travel_notification,i am going out of country and my bank needs to be notified,clinc,,[SL: travel_notification],train
travel_notification,i need to inform the bank i am going out of country,clinc,,[SL: travel_notification],train
travel_notification,i am going out of country and need to inform my bank,clinc,,[SL: travel_notification],train
travel_notification,tell the bank i'm traveling between denver and la,clinc,,[SL: travel_notification],train
travel_suggestion,can you give me some suggestions to go site seeing when i get there,clinc,,[SL: travel_suggestion],train
travel_suggestion,can you get me any recommendations for the place i'm traveling to,clinc,,[SL: travel_suggestion],train
travel_suggestion,please suggest some fun tourist activities in tokyo,clinc,,[SL: travel_suggestion],train
travel_suggestion,i need help with some fun tourist things to do in tokyo,clinc,,[SL: travel_suggestion],train
travel_suggestion,could you tell me what fun tourist things i could do in tokyo,clinc,,[SL: travel_suggestion],train
travel_suggestion,what should i do for fun in tokyo,clinc,,[SL: travel_suggestion],train
travel_suggestion,what do tourists do in tokyo,clinc,,[SL: travel_suggestion],train
travel_suggestion,what sites are there to see when in evans,clinc,,[SL: travel_suggestion],train
travel_suggestion,what can i do in evans,clinc,,[SL: travel_suggestion],train
travel_suggestion,name some things i should do while in evans,clinc,,[SL: travel_suggestion],train
update_playlist,insert what i am listening to into my jazz playlist,clinc,,[SL: update_playlist],train
update_playlist,add this tune to my jazz playlist,clinc,,[SL: update_playlist],train
update_playlist,can you add this song to my jazz playlist,clinc,,[SL: update_playlist],train
update_playlist,please add this song to my jazz playlist,clinc,,[SL: update_playlist],train
update_playlist,add this song to my jazz playlist,clinc,,[SL: update_playlist],train
update_playlist,add creep by radio head to the playlist,clinc,,[SL: update_playlist],train
update_playlist,please add someday by the strokes to my playlist,clinc,,[SL: update_playlist],train
update_playlist,include smooth operator by sade in my playlist,clinc,,[SL: update_playlist],train
update_playlist,can you put smooth operator by sade on my playlist,clinc,,[SL: update_playlist],train
update_playlist,add to my playlist smooth operator by sade,clinc,,[SL: update_playlist],train
weather,what are the conditions like in orlando,clinc,,[SL: weather],train
weather,what's the temperature like in tampa,clinc,,[SL: weather],train
weather,what's the forecast like for pittsburgh,clinc,,[SL: weather],train
weather,what are the conditions like in sarasota,clinc,,[SL: weather],train
weather,what's the climate like in chicago,clinc,,[SL: weather],train
weather,what will the temperature be tomorrow,clinc,,[SL: weather],train
weather,will it rain today,clinc,,[SL: weather],train
weather,will it freeze tonight,clinc,,[SL: weather],train
weather,give me the 7 day forecast,clinc,,[SL: weather],train
weather,is it hot outside,clinc,,[SL: weather],train
alarm,i'd like alarms set for 11am and 132pm,clinc,,[SL: alarm],dev
alarm,i want you to set alarms for 2pm and 3pm,clinc,,[SL: alarm],dev
balance,do i have more than $100 in my pnc account,clinc,,[SL: balance],dev
balance,what's my pnc balance,clinc,,[SL: balance],dev
bill_balance,how much is my kill bill bill for,clinc,,[SL: bill_balance],dev
bill_balance,what is the amount i owe on my phone,clinc,,[SL: bill_balance],dev
book_flight,can you find me a round trip flight from denver international to new york international on the 3rd through the 7th,clinc,,[SL: book_flight],dev
book_flight,can you look for a denver international to new york international round trip flight for the 5th though 8th,clinc,,[SL: book_flight],dev
book_hotel,by chance would it be possible to reserve me a hotel in afghanistan at the zoo for the 10th to the 15th,clinc,,[SL: book_hotel],dev
book_hotel,is it possible for a hotel to be booked by you for me in afghanistan at the zoo for the 10th to the 15th,clinc,,[SL: book_hotel],dev
calendar_update,"you can remove the field trip from my calendar for march 12, 2019",clinc,,[SL: calendar_update],dev
calendar_update,"you can remove the wedding from my calendar for march 12, 2019",clinc,,[SL: calendar_update],dev
cancel_reservation,i would like to cancel my reservation for nenuco's restaurant to x- tapas,clinc,,[SL: cancel_reservation],dev
cancel_reservation,i need my reservation to be cancelled for nugget to xiomara's restaurant,clinc,,[SL: cancel_reservation],dev
car_rental,i need a car rental this week,clinc,,[SL: car_rental],dev
car_rental,i am going away and need to rent a car,clinc,,[SL: car_rental],dev
confirm_reservation,please double check my reservations for six at mani,clinc,,[SL: confirm_reservation],dev
confirm_reservation,confirm my johnny rockets reservation for this evening,clinc,,[SL: confirm_reservation],dev
cook_time,how long do i need to cook pot au feu for,clinc,,[SL: cook_time],dev
cook_time,how long do i need to cook chili for,clinc,,[SL: cook_time],dev
exchange_rate,how much is 100 dollars in euros,clinc,,[SL: exchange_rate],dev
exchange_rate,what's the exchange rate betwen usd and euros,clinc,,[SL: exchange_rate],dev
food_last,is my milk safe to drink after being in the refrigerator for a week,clinc,,[SL: food_last],dev
food_last,apple cider has been in my fridge for four months so can i still drink it,clinc,,[SL: food_last],dev
freeze_account,may you stop a paymet on my account,clinc,,[SL: freeze_account],dev
freeze_account,how we stop my account,clinc,,[SL: freeze_account],dev
ingredients_list,i need a list of ingredients required to make lamb stew,clinc,,[SL: ingredients_list],dev
ingredients_list,please search for necessary ingredients included in meatballs,clinc,,[SL: ingredients_list],dev
interest_rate,what kind of interest can i expect with my chase account,clinc,,[SL: interest_rate],dev
interest_rate,how much interest am i getting in my citibank savings,clinc,,[SL: interest_rate],dev
international_visa,"if i plan on travelling to this country, do i need a visa",clinc,,[SL: international_visa],dev
international_visa,do i need a visa if i go there,clinc,,[SL: international_visa],dev
make_call,call alex,clinc,,[SL: make_call],dev
make_call,please call mark,clinc,,[SL: make_call],dev
meal_suggestion,can you give me a chinese meal suggestion,clinc,,[SL: meal_suggestion],dev
meal_suggestion,i would like you to suggest a chinese dish,clinc,,[SL: meal_suggestion],dev
min_payment,what is the minimum amount due on my cable bill,clinc,,[SL: min_payment],dev
min_payment,what is the minimum payment,clinc,,[SL: min_payment],dev
pay_bill,can you assist with my utility bill payment,clinc,,[SL: pay_bill],dev
pay_bill,my utility bill is coming due and i need a loan,clinc,,[SL: pay_bill],dev
pin_change,"i forgot my pin number for my credit union bank account, can you help",clinc,,[SL: pin_change],dev
pin_change,i want to change my bank of america account pin number,clinc,,[SL: pin_change],dev
play_music,let me hear the song sympathy for the devil,clinc,,[SL: play_music],dev
play_music,please start the song penny lane,clinc,,[SL: play_music],dev
plug_type,what kind of sockets do the us use,clinc,,[SL: plug_type],dev
plug_type,does my tv need a socket conveter in ny city,clinc,,[SL: plug_type],dev
recipe,i would like to learn to make cookies,clinc,,[SL: recipe],dev
recipe,show me popular sushi recipes,clinc,,[SL: recipe],dev
restaurant_reservation,please reserve a table for 2 at lucky's under the name melissa at 7 pm,clinc,,[SL: restaurant_reservation],dev
restaurant_reservation,i would like to reserve a table for 2 at sam's steakhouse under the name jessie at 6:30 pm,clinc,,[SL: restaurant_reservation],dev
restaurant_reviews,does mcdonald's have good reviews,clinc,,[SL: restaurant_reviews],dev
restaurant_reviews,are the review for mcdonald's good or bad,clinc,,[SL: restaurant_reviews],dev
restaurant_suggestion,where do you want to eat tonight,clinc,,[SL: restaurant_suggestion],dev
restaurant_suggestion,where is your favorite restaurant to eat,clinc,,[SL: restaurant_suggestion],dev
share_location,give my location to stan,clinc,,[SL: share_location],dev
share_location,i'd like to share my location with stephanie,clinc,,[SL: share_location],dev
shopping_list_update,"i'm not sure if watermelon is on my shopping list, but if it isn't can you put it on there",clinc,,[SL: shopping_list_update],dev
shopping_list_update,is it possible to add grapes to my shopping list if they aren't on there already,clinc,,[SL: shopping_list_update],dev
spending_history,could you tell me what kind of money i've recently spent,clinc,,[SL: spending_history],dev
spending_history,how much have i spent lately,clinc,,[SL: spending_history],dev
text,send a text to joe,clinc,,[SL: text],dev
text,i need to text joe,clinc,,[SL: text],dev
time,what time is it in france,clinc,,[SL: time],dev
time,what's the time in london right now,clinc,,[SL: time],dev
timezone,what is the timezone of saigon,clinc,,[SL: timezone],dev
timezone,what timezone is hanoi in,clinc,,[SL: timezone],dev
transactions,show all purchases of video games,clinc,,[SL: transactions],dev
transactions,show me all video games purchased,clinc,,[SL: transactions],dev
transfer,transfer ten dollars from my wells fargo account to my bank of america account,clinc,,[SL: transfer],dev
transfer,take one hundred and fifty bucks from my wells fargo checking account and put it in my wells fargo savings account,clinc,,[SL: transfer],dev
translate,"in spanish, meet me tomorrow is said how",clinc,,[SL: translate],dev
translate,"in french, how do i say, see you later",clinc,,[SL: translate],dev
travel_notification,"i'm going to be in canada from october 23rd to november 2nd, so can i let my bank know",clinc,,[SL: travel_notification],dev
travel_notification,let my bank know i'm going to be in russia for a month,clinc,,[SL: travel_notification],dev
travel_suggestion,what's the best place to visit in arizona,clinc,,[SL: travel_suggestion],dev
travel_suggestion,what's the best restaurant in arizona for pizza,clinc,,[SL: travel_suggestion],dev
update_playlist,add this song to travel,clinc,,[SL: update_playlist],dev
update_playlist,add song to media playlist,clinc,,[SL: update_playlist],dev
weather,what's is the current weather forecast,clinc,,[SL: weather],dev
weather,tell me the forecast,clinc,,[SL: weather],dev
alarm,i want to set an alarm,clinc,,[SL: alarm],test
alarm,set an alarm for 6 am tomorrow,clinc,,[SL: alarm],test
alarm,set an alarm for 8 tomorrow,clinc,,[SL: alarm],test
balance,what are my coffers at,clinc,,[SL: balance],test
balance,tell me the current balance of my bank accounts,clinc,,[SL: balance],test
balance,what's my current bank account total,clinc,,[SL: balance],test
bill_balance,what do i owe to jcp,clinc,,[SL: bill_balance],test
bill_balance,what is the amount due on my visa,clinc,,[SL: bill_balance],test
bill_balance,how much do i owe visa,clinc,,[SL: bill_balance],test
book_flight,"book me a flight to jackson, mississippi from austin texas on american airlines",clinc,,[SL: book_flight],test
book_flight,book me a place to chicago from atlanta united airlines,clinc,,[SL: book_flight],test
book_flight,can you book me a flight to memphis from st louis on delta airlines,clinc,,[SL: book_flight],test
book_hotel,i really need you to find me a hotel with good reviews in phoenix,clinc,,[SL: book_hotel],test
book_hotel,i wanna book a place to stay in phoenix from the 5th to the 9th of march,clinc,,[SL: book_hotel],test
book_hotel,i wanna find a hotel with good reviews in phoenix,clinc,,[SL: book_hotel],test
calendar_update,i need to add something to my calendar for next tuesday,clinc,,[SL: calendar_update],test
calendar_update,please clear my calendar,clinc,,[SL: calendar_update],test
calendar_update,take the doctor appointment off my calendar please,clinc,,[SL: calendar_update],test
cancel_reservation,i do not actually need my reservation anymore,clinc,,[SL: cancel_reservation],test
cancel_reservation,i need to cancel my reservation for rob at red robin,clinc,,[SL: cancel_reservation],test
cancel_reservation,cancel my reservation for bob at red robin,clinc,,[SL: cancel_reservation],test
car_rental,i need to rent an suv in charlestown for the first week in june who do you suggest,clinc,,[SL: car_rental],test
car_rental,find a decent rental care for next week at the philadelphia airport,clinc,,[SL: car_rental],test
car_rental,who can i rent a car from next month in orlando,clinc,,[SL: car_rental],test
confirm_reservation,confirm my reservation for march 12 at 9:00 am,clinc,,[SL: confirm_reservation],test
confirm_reservation,please confirm that i have a reservation for march 1st at 7,clinc,,[SL: confirm_reservation],test
confirm_reservation,can you confirm that i have a reservation for february 21 at 6 o'clock,clinc,,[SL: confirm_reservation],test
cook_time,how long to grill thick steaks,clinc,,[SL: cook_time],test
cook_time,how long does pizza take,clinc,,[SL: cook_time],test
cook_time,lasagna takes how long to cook,clinc,,[SL: cook_time],test
exchange_rate,convert 200 us dollars to british pounds,clinc,,[SL: exchange_rate],test
exchange_rate,how many japanese yen are in a us dollar,clinc,,[SL: exchange_rate],test
exchange_rate,how much is 5 us dollars worth in canadian dollars,clinc,,[SL: exchange_rate],test
food_last,how soon milk expires,clinc,,[SL: food_last],test
food_last,when does milk will go bad,clinc,,[SL: food_last],test
food_last,how many days milk can be preserved,clinc,,[SL: food_last],test
freeze_account,can you freeze my bank account,clinc,,[SL: freeze_account],test
freeze_account,i want to freeze my bank account,clinc,,[SL: freeze_account],test
freeze_account,i want my account locked out,clinc,,[SL: freeze_account],test
ingredients_list,what food do you need to make lasagna,clinc,,[SL: ingredients_list],test
ingredients_list,what ingredients do you need to make lasagna,clinc,,[SL: ingredients_list],test
ingredients_list,what ingredients are needed to make lasgana,clinc,,[SL: ingredients_list],test
interest_rate,what's my bank of america account getting in interest,clinc,,[SL: interest_rate],test
interest_rate,where do i see what interest my mortgage has,clinc,,[SL: interest_rate],test
interest_rate,is there somewhere my personal loan displays the interest rate i'm paying on it,clinc,,[SL: interest_rate],test
international_visa,are visas needed to travel to jamaica,clinc,,[SL: international_visa],test
international_visa,do i need a visa for south korea,clinc,,[SL: international_visa],test
international_visa,"if i go to columbia, will i need a visa",clinc,,[SL: international_visa],test
make_call,i need to call my dad,clinc,,[SL: make_call],test
make_call,i need to call my friend,clinc,,[SL: make_call],test
make_call,i need to call my coworker,clinc,,[SL: make_call],test
meal_suggestion,what's a good italian meal,clinc,,[SL: meal_suggestion],test
meal_suggestion,i'm looking for a meal that's from the asian cuisine,clinc,,[SL: meal_suggestion],test
meal_suggestion,i'm feeling like a greek meal and need some suggestions,clinc,,[SL: meal_suggestion],test
min_payment,i must pay verizon what minimum amount on my bill,clinc,,[SL: min_payment],test
min_payment,what is the lowest amount i must pay on my verizon bill,clinc,,[SL: min_payment],test
min_payment,"at a minimum, what must i pay on my verizon bill",clinc,,[SL: min_payment],test
pay_bill,i have a car payment that needs to be paid,clinc,,[SL: pay_bill],test
pay_bill,i need to put in a payment towards my phone bill,clinc,,[SL: pay_bill],test
pay_bill,help me get my gas bill paid,clinc,,[SL: pay_bill],test
pin_change,i'm struggling to remind myself the pin number to my card,clinc,,[SL: pin_change],test
pin_change,i'm having trouble remembering the pin number to my card,clinc,,[SL: pin_change],test
pin_change,the pin number to my card has been forgotten,clinc,,[SL: pin_change],test
play_music,play the song called baby shark,clinc,,[SL: play_music],test
play_music,play the song called wreckless love,clinc,,[SL: play_music],test
play_music,play the song called i want it that way,clinc,,[SL: play_music],test
plug_type,would a socket converter be needed in france,clinc,,[SL: plug_type],test
plug_type,how do i plug stuff in in france,clinc,,[SL: plug_type],test
plug_type,is socket converter required in france,clinc,,[SL: plug_type],test
recipe,what do i need to do to cook a chicken,clinc,,[SL: recipe],test
recipe,how do i go about cooking a 10lb turkey,clinc,,[SL: recipe],test
recipe,how do i get started making homemade pizza dough,clinc,,[SL: recipe],test
restaurant_reservation,"i'd like to make a reservation at rooth chris, can you do that",clinc,,[SL: restaurant_reservation],test
restaurant_reservation,make a reservation for chik-fil-a at 3 o' clock please,clinc,,[SL: restaurant_reservation],test
restaurant_reservation,reserve a table for 3 at 7 for olive garden,clinc,,[SL: restaurant_reservation],test
restaurant_reviews,does applebees have good reviews,clinc,,[SL: restaurant_reviews],test
restaurant_reviews,are the reviews ned get's good,clinc,,[SL: restaurant_reviews],test
restaurant_reviews,is the review ned's have good,clinc,,[SL: restaurant_reviews],test
restaurant_suggestion,please give me the name of a few good options for places to eat dinner tonight,clinc,,[SL: restaurant_suggestion],test
restaurant_suggestion,i need some suggestions for dinner places tonight,clinc,,[SL: restaurant_suggestion],test
restaurant_suggestion,what are some good places to go out for dinner in my area tonight,clinc,,[SL: restaurant_suggestion],test
share_location,can i share my location with david,clinc,,[SL: share_location],test
share_location,please send my location to kevin and also to lucy,clinc,,[SL: share_location],test
share_location,how do i share my location with kate and mike,clinc,,[SL: share_location],test
shopping_list_update,tack on a gallon of milk to the grocery list,clinc,,[SL: shopping_list_update],test
shopping_list_update,add laundry detergent to the list,clinc,,[SL: shopping_list_update],test
shopping_list_update,make sure to put eggs on the grocery list,clinc,,[SL: shopping_list_update],test
spending_history,what's the total i've spent on shoes this month,clinc,,[SL: spending_history],test
spending_history,how many dollars have i spent on coffee this month,clinc,,[SL: spending_history],test
spending_history,what have i spent on food this month,clinc,,[SL: spending_history],test
text,"text chrissy, i'm on my way",clinc,,[SL: text],test
text,"text dave, i'll be there soon",clinc,,[SL: text],test
text,send davis a text i'll be there in a few,clinc,,[SL: text],test
time,i need you to tell me what time it is in new york now,clinc,,[SL: time],test
time,"what time is it in adelaide, australia right now",clinc,,[SL: time],test
time,is it after noon,clinc,,[SL: time],test
timezone,what's the timezone for britain,clinc,,[SL: timezone],test
timezone,i need the time zone for la,clinc,,[SL: timezone],test
timezone,i would like to know the timezone for britain,clinc,,[SL: timezone],test
transactions,i need to know all my spending transactions,clinc,,[SL: transactions],test
transactions,when did i last make a purchase,clinc,,[SL: transactions],test
transactions,how much did i spend on my most recent transaction,clinc,,[SL: transactions],test
transfer,can you please provide me with assistance in moving money from one account to another,clinc,,[SL: transfer],test
transfer,i would like help moving money between accounts,clinc,,[SL: transfer],test
transfer,can you assist me in moving money from one account to another,clinc,,[SL: transfer],test
translate,how would you say fly in italian,clinc,,[SL: translate],test
translate,what's the spanish word for pasta,clinc,,[SL: translate],test
translate,how would they say butter in zambia,clinc,,[SL: translate],test
travel_notification,i will be traveling to lima alert my bank,clinc,,[SL: travel_notification],test
travel_notification,assure my bank i really am going to california,clinc,,[SL: travel_notification],test
travel_notification,please tell my bank i'm traveling to mexico between next wednesday for a week after,clinc,,[SL: travel_notification],test
travel_suggestion,what are some interesting things i can do while in raleigh,clinc,,[SL: travel_suggestion],test
travel_suggestion,can you help me pick some fun things to do in london during my trip,clinc,,[SL: travel_suggestion],test
travel_suggestion,"help me plan my traveling itinerary for my trip to madrid, i want to see lots of sights!",clinc,,[SL: travel_suggestion],test
update_playlist,add to my motivational playlist rap god,clinc,,[SL: update_playlist],test
update_playlist,include rap god on the motivational playlist,clinc,,[SL: update_playlist],test
update_playlist,move rap god to my motivational playlist,clinc,,[SL: update_playlist],test
weather,what is the weather,clinc,,[SL: weather],test
weather,current weather,clinc,,[SL: weather],test
weather,tell me the weather,clinc,,[SL: weather],test
